,Window,Mean,Median,Std,Min,Max,Skewness,Kurtosis
0,1,55.84740094334053,55.88402529372864,0.44198350323111374,54.71304738528411,57.06906296375919,-0.13468506581913883,-0.2930833536765802
1,2,75.34623730045043,75.37580826559989,0.4929678763934768,73.8396086687367,76.58400175670509,-0.25107347350278736,-0.16092252872851676
2,3,87.95922004407956,87.95701104219623,0.4563679113474216,86.46158879954787,89.3661856160358,-0.07013721630668672,0.5568251787814811
3,4,97.15043379511937,97.14541958645634,0.47827019694655215,95.79545686281718,98.56861924401228,-0.09958896898714677,-0.004309961821594044
4,5,104.17787653905586,104.20681239266348,0.45333258330951504,102.835857099961,105.27553626751596,-0.24657030686163553,-0.26136536204461125
5,6,109.51702826893631,109.52324776351129,0.46446815250486256,107.88580005518727,110.8802430596273,-0.07641014435777421,0.2144826304042846
6,7,113.66926514614265,113.73092867062392,0.480607379529017,112.32580348723934,114.69054943813788,-0.5133592016667521,-0.09780413300485202
